po_id,part_id,supplier_id,order_date,expected_delivery_date,actual_delivery_date,quantity_ordered,quantity_received,unit_price,total_cost,po_status
PO000001,SP00064,SUP001,2023-01-16,2023-01-22,2023-01-22,54,54,1902.23,100881.43,Received
PO000002,SP00169,SUP008,2023-01-16,2023-01-31,2023-01-30,29,29,295.1,8675.66,Received
PO000003,SP00198,SUP017,2023-01-16,2023-01-28,2023-01-26,75,75,421.26,31202.7,Received
PO000004,SP00077,SUP017,2023-01-19,2023-02-01,2023-02-03,98,98,600.87,56572.51,Received
PO000005,SP00064,SUP001,2023-01-22,2023-01-28,2023-01-26,29,29,1839.93,56334.61,Received
PO000006,SP00051,SUP008,2023-01-24,2023-01-31,2023-01-30,35,35,285.08,10035.5,Received
PO000007,SP00187,SUP005,2023-01-24,2023-02-11,2023-02-12,61,61,105.72,6110.4,Received
PO000008,SP00060,SUP014,2023-01-24,2023-02-12,2023-02-11,18,18,414.26,7706.15,Received
PO000009,SP00033,SUP016,2023-01-26,2023-01-30,2023-01-30,34,34,3930.56,129733.44,Received
PO000010,SP00120,SUP006,2023-01-26,2023-02-05,2023-02-08,82,82,2453.22,191748.31,Received
PO000011,SP00154,SUP009,2023-01-29,2023-02-15,2023-02-14,63,63,288.81,18849.52,Received
PO000012,SP00071,SUP010,2023-02-09,2023-02-18,2023-02-24,45,45,3364.47,153594.78,Received
PO000013,SP00052,SUP015,2023-02-09,2023-02-19,2023-02-25,75,75,548.39,43493.56,Received
PO000014,SP00051,SUP008,2023-02-09,2023-02-16,2023-02-18,31,31,283.1,8691.56,Received
PO000015,SP00173,SUP005,2023-02-10,2023-02-18,2023-02-19,10,10,325.36,3273.39,Received
PO000016,SP00143,SUP009,2023-02-10,2023-02-18,2023-02-23,71,71,421.65,29350.3,Received
PO000017,SP00148,SUP005,2023-02-12,2023-03-05,2023-03-04,23,23,275.23,6555.76,Received
PO000018,SP00161,SUP010,2023-02-12,2023-02-18,2023-02-17,85,85,274.55,24062.92,Received
PO000019,SP00093,SUP010,2023-02-16,2023-02-26,2023-02-28,65,65,214.97,13781.51,Received
PO000020,SP00032,SUP006,2023-02-18,2023-03-11,2023-03-09,62,62,359.99,23036.47,Received
PO000021,SP00147,SUP007,2023-02-18,2023-03-09,2023-03-15,10,10,124.98,1233.53,Received
PO000022,SP00095,SUP005,2023-02-18,2023-03-11,2023-03-09,26,26,151.07,3886.92,Received
PO000023,SP00146,SUP010,2023-02-19,2023-03-03,2023-03-04,15,15,87.85,1311.77,Received
PO000024,SP00044,SUP018,2023-02-19,2023-02-26,2023-02-25,48,48,2906.09,145281.16,Received
PO000025,SP00005,SUP020,2023-03-01,2023-03-19,2023-03-19,90,90,193.99,16478.79,Received
PO000026,SP00013,SUP006,2023-03-01,2023-03-19,2023-03-20,13,13,294.12,4041.89,Received
PO000027,SP00021,SUP018,2023-03-01,2023-03-12,2023-03-20,96,96,317.46,31427.75,Received
PO000028,SP00151,SUP002,2023-03-02,2023-03-09,2023-03-09,31,31,369.78,11609.05,Received
PO000029,SP00128,SUP013,2023-03-02,2023-03-10,2023-03-09,75,75,936.58,71541.5,Received
PO000030,SP00196,SUP004,2023-03-02,2023-03-09,2023-03-19,59,59,170.94,10556.75,Received
PO000031,SP00111,SUP017,2023-03-03,2023-03-18,2023-03-18,59,59,476.99,27679.16,Received
PO000032,SP00130,SUP007,2023-03-04,2023-03-19,2023-03-19,79,79,199.9,15551.68,Received
PO000033,SP00185,SUP008,2023-03-04,2023-03-24,2023-03-22,61,61,331.12,20504.8,Received
PO000034,SP00100,SUP005,2023-03-04,2023-03-09,2023-03-10,97,97,3013.3,278246.13,Received
PO000035,SP00011,SUP005,2023-03-05,2023-03-17,2023-03-16,12,12,398.97,4660.49,Received
PO000036,SP00018,SUP020,2023-03-05,2023-03-24,2023-03-25,23,23,186.0,4140.82,Received
PO000037,SP00039,SUP008,2023-03-05,2023-03-12,2023-03-11,67,67,779.51,51538.29,Received
PO000038,SP00120,SUP006,2023-03-09,2023-03-19,2023-03-18,97,97,2471.67,227560.03,Received
PO000039,SP00092,SUP013,2023-03-21,2023-03-31,2023-04-08,36,36,940.34,32742.21,Received
PO000040,SP00101,SUP015,2023-03-21,2023-03-30,2023-03-30,99,99,4057.86,382098.66,Received
PO000041,SP00045,SUP001,2023-03-21,2023-04-08,2023-04-09,40,40,49.71,2010.11,Received
PO000042,SP00060,SUP014,2023-03-25,2023-04-13,2023-04-15,26,26,418.05,10714.44,Received
PO000043,SP00158,SUP013,2023-03-30,2023-04-02,2023-04-09,13,13,1103.78,14705.52,Received
PO000044,SP00091,SUP001,2023-04-04,2023-04-14,2023-04-16,77,77,1348.44,107794.43,Received
PO000045,SP00129,SUP005,2023-04-04,2023-04-15,2023-04-16,40,40,440.94,17215.52,Received
PO000046,SP00124,SUP018,2023-04-04,2023-04-11,2023-04-13,74,74,1660.71,118718.96,Received
PO000047,SP00012,SUP015,2023-04-08,2023-04-18,2023-04-17,25,25,212.57,5696.77,Received
PO000048,SP00085,SUP020,2023-04-08,2023-04-21,2023-04-19,89,89,655.61,55346.87,Received
PO000049,SP00070,SUP008,2023-04-09,2023-04-22,2023-04-22,16,16,203.34,3189.63,Received
PO000050,SP00049,SUP007,2023-04-09,2023-04-14,2023-04-12,81,81,679.75,58304.36,Received
PO000051,SP00021,SUP018,2023-04-10,2023-04-21,2023-05-01,45,45,317.82,15082.48,Received
PO000052,SP00105,SUP005,2023-04-10,2023-04-24,2023-04-24,88,88,126.25,11625.73,Received
PO000053,SP00072,SUP017,2023-04-11,2023-04-16,2023-04-17,13,13,1955.97,25656.46,Received
PO000054,SP00059,SUP011,2023-04-11,2023-05-02,2023-05-10,96,96,345.21,31546.58,Received
PO000055,SP00143,SUP009,2023-04-11,2023-04-19,2023-04-17,70,70,416.1,29041.24,Received
PO000056,SP00163,SUP015,2023-04-14,2023-05-03,2023-05-13,60,60,138.21,8347.98,Received
PO000057,SP00047,SUP005,2023-04-14,2023-05-03,2023-05-03,71,71,139.64,9918.64,Received
PO000058,SP00110,SUP008,2023-04-15,2023-04-25,2023-04-26,71,71,2816.31,200628.99,Received
PO000059,SP00116,SUP006,2023-04-15,2023-04-24,2023-04-25,77,77,932.82,71618.07,Received
PO000060,SP00186,SUP019,2023-04-18,2023-04-25,2023-04-26,35,35,239.22,8315.32,Received
PO000061,SP00001,SUP017,2023-04-20,2023-04-30,2023-04-30,61,61,978.83,61659.71,Received
PO000062,SP00052,SUP015,2023-04-20,2023-04-30,2023-04-30,38,36,576.61,22227.1,Received
PO000063,SP00108,SUP002,2023-04-22,2023-05-05,2023-05-06,23,23,457.87,10275.14,Received
PO000064,SP00132,SUP019,2023-04-29,2023-05-10,2023-05-12,13,13,230.52,3068.28,Received
PO000065,SP00030,SUP002,2023-05-01,2023-05-09,2023-05-10,55,55,512.85,26641.75,Received
PO000066,SP00047,SUP005,2023-05-01,2023-05-20,2023-05-19,20,20,139.31,2659.0,Received
PO000067,SP00032,SUP006,2023-05-01,2023-05-22,2023-05-22,48,48,343.2,16799.52,Received
PO000068,SP00027,SUP011,2023-05-04,2023-05-22,2023-05-23,69,68,506.65,33315.8,Received
PO000069,SP00139,SUP016,2023-05-11,2023-05-19,2023-05-26,65,65,4040.44,277290.64,Received
PO000070,SP00114,SUP019,2023-05-11,2023-05-20,2023-05-21,42,42,89.6,3776.7,Received
PO000071,SP00143,SUP009,2023-05-14,2023-05-22,2023-05-23,56,56,389.87,21979.4,Received
PO000072,SP00138,SUP011,2023-05-14,2023-05-31,2023-06-01,49,49,401.81,19630.9,Received
PO000073,SP00192,SUP002,2023-05-14,2023-05-25,2023-05-31,57,57,506.33,27129.97,Received
PO000074,SP00068,SUP019,2023-05-18,2023-06-01,2023-06-03,17,17,426.29,6884.62,Received
PO000075,SP00024,SUP006,2023-05-18,2023-06-02,2023-06-02,32,32,56.24,1898.53,Received
PO000076,SP00168,SUP019,2023-05-18,2023-05-28,2023-05-30,75,75,214.13,16370.05,Received
PO000077,SP00127,SUP019,2023-05-19,2023-05-31,2023-05-31,37,37,726.08,27880.83,Received
PO000078,SP00035,SUP009,2023-05-19,2023-05-24,2023-05-26,65,65,700.88,47049.8,Received
PO000079,SP00145,SUP002,2023-05-20,2023-05-28,2023-05-27,75,75,4609.82,322178.32,Received
PO000080,SP00035,SUP009,2023-05-20,2023-05-25,2023-05-23,68,68,725.03,49349.45,Received
PO000081,SP00162,SUP009,2023-05-20,2023-05-29,2023-05-31,69,69,271.42,17730.77,Received
PO000082,SP00078,SUP019,2023-05-24,2023-06-03,2023-06-03,16,16,255.2,4055.91,Received
PO000083,SP00167,SUP018,2023-05-24,2023-06-09,2023-06-11,26,26,319.76,8152.4,Received
PO000084,SP00075,SUP003,2023-05-25,2023-06-03,2023-06-04,54,54,2625.4,140182.41,Received
PO000085,SP00162,SUP009,2023-05-25,2023-06-03,2023-06-03,10,10,258.57,2546.28,Received
PO000086,SP00130,SUP007,2023-05-25,2023-06-09,2023-06-09,86,86,203.26,17120.21,Received
PO000087,SP00042,SUP006,2023-05-27,2023-06-06,2023-06-05,17,17,308.54,4978.21,Received
PO000088,SP00155,SUP017,2023-05-30,2023-06-13,2023-06-11,81,81,412.3,32876.26,Received
PO000089,SP00050,SUP013,2023-05-30,2023-06-15,2023-06-21,13,13,138.06,1817.67,Received
PO000090,SP00012,SUP015,2023-05-31,2023-06-10,2023-06-11,89,89,231.63,20194.25,Received
PO000091,SP00163,SUP015,2023-06-14,2023-07-03,2023-07-05,86,86,128.63,10859.67,Received
PO000092,SP00041,SUP016,2023-06-16,2023-06-27,2023-06-28,74,74,211.83,15137.88,Received
PO000093,SP00043,SUP018,2023-06-16,2023-06-27,2023-06-30,77,77,196.95,15039.15,Received
PO000094,SP00103,SUP008,2023-06-16,2023-07-02,2023-07-03,75,75,306.78,25045.14,Received
PO000095,SP00061,SUP018,2023-06-27,2023-07-10,2023-07-11,47,47,317.94,15593.16,Received
PO000096,SP00157,SUP018,2023-06-27,2023-07-11,2023-07-10,91,91,335.25,32016.08,Received
PO000097,SP00011,SUP005,2023-07-05,2023-07-17,2023-07-16,14,14,393.96,5790.49,Received
PO000098,SP00132,SUP019,2023-07-09,2023-07-20,2023-07-20,90,90,236.15,22875.5,Received
PO000099,SP00028,SUP016,2023-07-10,2023-07-16,2023-07-16,15,15,251.66,3493.61,Received
PO000100,SP00041,SUP016,2023-07-14,2023-07-25,2023-07-23,93,93,204.44,20145.05,Received
PO000101,SP00176,SUP013,2023-07-14,2023-07-30,2023-07-29,60,60,518.94,28465.07,Received
PO000102,SP00196,SUP004,2023-07-14,2023-07-21,2023-07-21,60,60,180.69,9995.56,Received
PO000103,SP00154,SUP009,2023-07-26,2023-08-12,2023-08-11,100,100,294.87,30095.73,Received
PO000104,SP00157,SUP018,2023-07-26,2023-08-09,2023-08-07,34,34,333.19,11613.99,Received
PO000105,SP00046,SUP003,2023-07-26,2023-08-07,2023-08-05,77,77,418.74,32076.01,Received
PO000106,SP00046,SUP003,2023-07-27,2023-08-08,2023-08-09,47,47,407.65,18327.18,Received
PO000107,SP00135,SUP014,2023-07-27,2023-08-02,2023-07-31,14,14,2500.85,37584.52,Received
PO000108,SP00196,SUP004,2023-07-28,2023-08-04,2023-08-03,72,72,170.39,12938.75,Received
PO000109,SP00035,SUP009,2023-07-28,2023-08-02,2023-08-12,42,42,697.91,30528.33,Received
PO000110,SP00060,SUP014,2023-07-29,2023-08-17,2023-08-18,92,92,446.77,38248.85,Received
PO000111,SP00177,SUP018,2023-07-29,2023-08-05,2023-08-03,42,42,77.76,3379.81,Received
PO000112,SP00080,SUP006,2023-07-30,2023-08-18,2023-08-20,42,42,324.42,13531.01,Received
PO000113,SP00138,SUP011,2023-07-30,2023-08-16,2023-08-16,68,68,386.13,27240.94,Received
PO000114,SP00002,SUP015,2023-07-30,2023-08-15,2023-08-15,96,96,444.49,44339.91,Received
PO000115,SP00046,SUP003,2023-08-01,2023-08-13,2023-08-14,38,38,392.03,15305.1,Received
PO000116,SP00164,SUP015,2023-08-03,2023-08-11,2023-08-14,87,87,814.86,70583.42,Received
PO000117,SP00052,SUP015,2023-08-03,2023-08-13,2023-08-19,84,84,583.57,47084.1,Received
PO000118,SP00005,SUP020,2023-08-07,2023-08-25,2023-08-25,78,78,186.7,15589.13,Received
PO000119,SP00191,SUP011,2023-08-08,2023-08-24,2023-08-25,79,79,266.73,21407.85,Received
PO000120,SP00071,SUP010,2023-08-08,2023-08-17,2023-08-17,69,69,3252.69,236154.17,Received
PO000121,SP00196,SUP004,2023-08-08,2023-08-15,2023-08-15,88,88,166.71,15183.12,Received
PO000122,SP00042,SUP006,2023-08-11,2023-08-21,2023-08-20,91,91,297.01,26519.51,Received
PO000123,SP00048,SUP017,2023-08-22,2023-08-30,2023-09-01,91,91,202.6,17012.89,Received
PO000124,SP00116,SUP006,2023-08-22,2023-08-31,2023-09-02,31,31,888.33,29153.83,Received
PO000125,SP00086,SUP017,2023-08-22,2023-09-02,2023-09-02,17,17,777.14,13396.18,Received
PO000126,SP00152,SUP010,2023-08-23,2023-08-27,2023-08-28,27,27,1899.97,54160.91,Received
PO000127,SP00021,SUP018,2023-08-24,2023-09-04,2023-09-13,68,65,319.09,22160.72,Received
PO000128,SP00180,SUP012,2023-08-24,2023-09-06,2023-09-07,63,63,551.63,37501.22,Received
PO000129,SP00011,SUP005,2023-08-24,2023-09-05,2023-09-07,60,60,388.93,25050.1,Received
PO000130,SP00029,SUP004,2023-08-26,2023-09-06,2023-09-08,40,40,909.94,36916.37,Received
PO000131,SP00163,SUP015,2023-08-26,2023-09-14,2023-09-14,34,31,128.17,4487.03,Received
PO000132,SP00181,SUP003,2023-09-05,2023-09-12,2023-09-11,59,57,437.53,26024.99,Received
PO000133,SP00116,SUP006,2023-09-05,2023-09-14,2023-09-12,13,13,892.72,11951.05,Received
PO000134,SP00098,SUP017,2023-09-05,2023-09-12,2023-09-10,17,17,697.77,10847.15,Received
PO000135,SP00039,SUP008,2023-09-10,2023-09-17,2023-09-18,93,93,777.63,70202.19,Received
PO000136,SP00199,SUP016,2023-09-18,2023-10-04,2023-10-03,47,47,516.88,23895.7,Received
PO000137,SP00194,SUP010,2023-09-18,2023-10-02,2023-10-05,97,97,661.42,65539.52,Received
PO000138,SP00060,SUP014,2023-09-18,2023-10-07,2023-10-08,21,21,437.13,9297.18,Received
PO000139,SP00026,SUP010,2023-09-19,2023-09-29,2023-09-27,78,78,205.75,17230.9,Received
PO000140,SP00075,SUP003,2023-09-19,2023-09-28,2023-10-04,45,45,2594.26,119187.01,Received
PO000141,SP00073,SUP020,2023-09-19,2023-10-01,2023-10-11,98,98,326.72,32423.95,Received
PO000142,SP00052,SUP015,2023-09-21,2023-10-01,2023-10-08,47,47,554.67,25972.69,Received
PO000143,SP00169,SUP008,2023-09-22,2023-10-07,2023-10-06,72,72,302.41,21977.51,Received
PO000144,SP00004,SUP011,2023-09-22,2023-09-30,2023-09-29,26,26,433.23,11489.89,Received
PO000145,SP00179,SUP018,2023-09-22,2023-10-05,2023-10-07,76,76,375.42,28378.36,Received
PO000146,SP00048,SUP017,2023-09-25,2023-10-03,2023-10-03,85,85,195.68,16016.06,Received
PO000147,SP00182,SUP003,2023-09-25,2023-10-04,2023-10-03,27,27,1189.49,30026.06,Received
PO000148,SP00106,SUP014,2023-09-25,2023-09-30,2023-10-02,76,76,376.96,28674.97,Received
PO000149,SP00099,SUP006,2023-09-26,2023-10-13,2023-10-13,23,23,522.33,11369.84,Received
PO000150,SP00065,SUP015,2023-09-26,2023-10-04,2023-10-09,33,33,479.59,15147.52,Received
PO000151,SP00151,SUP002,2023-09-29,2023-10-06,2023-10-06,32,32,356.46,11724.26,Received
PO000152,SP00194,SUP010,2023-09-29,2023-10-13,2023-10-15,94,94,642.53,61596.34,Received
PO000153,SP00015,SUP015,2023-09-29,2023-10-18,2023-10-21,90,90,262.86,24929.93,Received
PO000154,SP00094,SUP001,2023-09-30,2023-10-21,2023-10-19,100,100,412.01,41679.05,Received
PO000155,SP00055,SUP007,2023-09-30,2023-10-09,2023-10-08,76,76,931.6,70286.25,Received
PO000156,SP00029,SUP004,2023-10-04,2023-10-15,2023-10-14,46,46,903.94,41263.45,Received
PO000157,SP00185,SUP008,2023-10-04,2023-10-24,2023-10-25,79,79,327.32,26409.46,Received
PO000158,SP00103,SUP008,2023-10-04,2023-10-20,2023-10-21,41,41,333.15,12973.93,Received
PO000159,SP00020,SUP009,2023-10-05,2023-10-16,2023-10-18,22,22,315.17,6982.56,Received
PO000160,SP00096,SUP019,2023-10-05,2023-10-18,2023-10-17,96,96,288.88,28350.42,Received
PO000161,SP00181,SUP003,2023-10-12,2023-10-19,2023-10-17,100,100,429.7,41507.65,Received
PO000162,SP00051,SUP008,2023-10-12,2023-10-19,2023-10-23,66,66,283.33,18920.52,Received
PO000163,SP00179,SUP018,2023-10-12,2023-10-25,2023-10-27,53,53,373.66,19981.42,Received
PO000164,SP00107,SUP020,2023-10-13,2023-10-20,2023-10-27,82,82,808.33,67148.09,Received
PO000165,SP00083,SUP004,2023-10-13,2023-10-18,2023-10-20,13,13,864.57,11711.99,Received
PO000166,SP00180,SUP012,2023-10-14,2023-10-27,2023-11-05,43,43,594.33,23771.04,Received
PO000167,SP00046,SUP003,2023-10-14,2023-10-26,2023-10-27,98,98,392.1,40380.09,Received
PO000168,SP00022,SUP010,2023-10-20,2023-10-29,2023-10-30,50,50,224.33,11210.58,Received
PO000169,SP00033,SUP016,2023-10-20,2023-10-24,2023-10-22,84,84,3954.63,323876.5,Received
PO000170,SP00015,SUP015,2023-10-21,2023-11-09,2023-11-08,10,10,257.5,2793.32,Received
PO000171,SP00043,SUP018,2023-10-28,2023-11-08,2023-11-06,11,6,187.1,2208.99,Received
PO000172,SP00008,SUP013,2023-10-30,2023-11-07,2023-11-17,36,36,740.38,25392.53,Received
PO000173,SP00131,SUP020,2023-11-01,2023-11-05,2023-11-08,18,18,1025.42,18172.99,Received
PO000174,SP00069,SUP002,2023-11-01,2023-11-09,2023-11-08,26,26,64.59,1793.17,Received
PO000175,SP00160,SUP015,2023-11-01,2023-11-22,2023-11-21,86,86,414.04,35331.87,Received
PO000176,SP00178,SUP019,2023-11-03,2023-11-09,2023-11-10,31,31,4411.77,141011.03,Received
PO000177,SP00193,SUP016,2023-11-03,2023-11-10,2023-11-10,79,79,371.53,28567.88,Received
PO000178,SP00134,SUP001,2023-11-03,2023-11-12,2023-11-11,88,88,894.18,82596.64,Received
PO000179,SP00010,SUP013,2023-11-09,2023-11-14,2023-11-16,37,37,961.36,36386.38,Received
PO000180,SP00044,SUP018,2023-11-09,2023-11-16,2023-11-18,13,13,2805.72,38316.23,Received
PO000181,SP00054,SUP003,2023-11-09,2023-11-29,2023-11-27,29,29,290.51,8495.12,Received
PO000182,SP00154,SUP009,2023-11-10,2023-11-27,2023-11-28,88,88,284.53,25881.94,Received
PO000183,SP00048,SUP017,2023-11-10,2023-11-18,2023-11-19,93,93,203.3,18359.8,Received
PO000184,SP00085,SUP020,2023-11-10,2023-11-23,2023-11-23,98,98,664.04,59822.73,Received
PO000185,SP00198,SUP017,2023-11-11,2023-11-23,2023-11-22,25,25,402.34,10241.45,Received
PO000186,SP00151,SUP002,2023-11-11,2023-11-18,2023-11-18,78,78,354.19,27629.92,Received
PO000187,SP00033,SUP016,2023-11-11,2023-11-15,2023-11-17,32,32,3857.71,121981.2,Received
PO000188,SP00077,SUP017,2023-11-16,2023-11-29,2023-11-27,17,17,608.13,9613.8,Received
PO000189,SP00095,SUP005,2023-11-18,2023-12-09,2023-12-09,94,94,154.32,14466.39,Received
PO000190,SP00115,SUP006,2023-11-26,2023-12-08,2023-12-10,80,80,488.8,40495.28,Received
PO000191,SP00049,SUP007,2023-11-26,2023-12-01,2023-11-30,93,93,688.65,62567.47,Received
PO000192,SP00074,SUP005,2023-11-26,2023-12-05,2023-12-07,100,100,1526.91,154208.09,Received
PO000193,SP00039,SUP008,2023-11-28,2023-12-05,2023-12-03,24,24,772.54,19003.63,Received
PO000194,SP00025,SUP008,2023-11-28,2023-12-16,2023-12-17,49,49,178.65,8644.83,Received
PO000195,SP00191,SUP011,2023-12-01,2023-12-17,2023-12-17,78,78,273.48,22765.8,Received
PO000196,SP00105,SUP005,2023-12-01,2023-12-15,2023-12-21,16,16,127.9,2132.42,Received
PO000197,SP00099,SUP006,2023-12-02,2023-12-19,2023-12-22,22,22,507.56,10867.0,Received
PO000198,SP00158,SUP013,2023-12-02,2023-12-05,2023-12-05,44,44,1104.31,47777.87,Received
PO000199,SP00194,SUP010,2023-12-02,2023-12-16,2023-12-21,43,43,635.51,27442.43,Received
PO000200,SP00069,SUP002,2023-12-07,2023-12-15,2023-12-14,81,81,69.15,5346.47,Received
PO000201,SP00196,SUP004,2023-12-07,2023-12-14,2023-12-14,67,67,170.93,11547.34,Received
PO000202,SP00098,SUP017,2023-12-11,2023-12-18,2023-12-20,59,59,642.73,38835.5,Received
PO000203,SP00024,SUP006,2023-12-11,2023-12-26,2023-12-25,75,75,56.11,4335.77,Received
PO000204,SP00185,SUP008,2023-12-12,2024-01-01,2023-12-31,43,43,320.28,13862.03,Received
PO000205,SP00184,SUP008,2023-12-12,2023-12-25,2023-12-27,27,27,297.08,7885.43,Received
PO000206,SP00044,SUP018,2023-12-12,2023-12-19,2023-12-19,25,25,2840.68,74024.57,Received
PO000207,SP00173,SUP005,2023-12-13,2023-12-21,2023-12-23,71,71,345.31,25009.91,Received
PO000208,SP00035,SUP009,2023-12-17,2023-12-22,2023-12-30,66,66,695.61,46915.43,Received
PO000209,SP00199,SUP016,2023-12-17,2024-01-02,2024-01-04,30,30,500.97,14409.59,Received
PO000210,SP00081,SUP007,2023-12-17,2023-12-24,2023-12-22,92,92,334.21,31454.87,Received
PO000211,SP00031,SUP007,2023-12-20,2024-01-04,2024-01-05,23,23,391.71,8580.68,Received
PO000212,SP00157,SUP018,2023-12-31,2024-01-14,2024-01-15,83,83,340.54,29285.38,Received
PO000213,SP00145,SUP002,2023-12-31,2024-01-08,2024-01-09,49,49,4398.04,216913.52,Received
PO000214,SP00054,SUP003,2024-01-12,2024-02-01,2024-02-03,34,34,282.82,10015.03,Received
PO000215,SP00099,SUP006,2024-01-12,2024-01-29,2024-01-31,98,98,505.04,46504.58,Received
PO000216,SP00022,SUP010,2024-01-15,2024-01-24,2024-01-25,12,12,227.32,2866.0,Received
PO000217,SP00087,SUP020,2024-01-15,2024-01-25,2024-01-25,78,78,128.17,9915.21,Received
PO000218,SP00169,SUP008,2024-01-21,2024-02-05,2024-02-04,63,63,305.81,19136.56,Received
PO000219,SP00030,SUP002,2024-01-22,2024-01-30,2024-01-30,98,98,498.04,48131.19,Received
PO000220,SP00173,SUP005,2024-01-22,2024-01-30,2024-01-30,40,40,347.63,13204.18,Received
PO000221,SP00023,SUP016,2024-01-22,2024-02-09,2024-02-07,57,55,321.06,18356.96,Received
PO000222,SP00170,SUP019,2024-02-01,2024-02-11,2024-02-17,75,75,3904.01,277100.74,Received
PO000223,SP00134,SUP001,2024-02-02,2024-02-11,2024-02-14,91,91,929.02,78771.13,Received
PO000224,SP00017,SUP016,2024-02-02,2024-02-15,2024-02-16,58,58,490.81,26933.04,Received
PO000225,SP00150,SUP002,2024-02-03,2024-02-08,2024-02-09,63,61,4092.8,261047.68,Received
PO000226,SP00072,SUP017,2024-02-03,2024-02-08,2024-02-09,45,45,1954.82,87573.52,Received
PO000227,SP00175,SUP010,2024-02-03,2024-02-14,2024-02-13,73,73,132.45,10300.46,Received
PO000228,SP00174,SUP010,2024-02-05,2024-02-15,2024-02-19,39,39,3965.3,154935.29,Received
PO000229,SP00001,SUP017,2024-02-05,2024-02-15,2024-02-15,74,74,1012.44,71410.68,Received
PO000230,SP00087,SUP020,2024-02-05,2024-02-15,2024-02-13,56,56,129.82,7320.16,Received
PO000231,SP00196,SUP004,2024-02-09,2024-02-16,2024-02-16,42,42,181.37,7522.77,Received
PO000232,SP00070,SUP008,2024-02-11,2024-02-24,2024-03-01,19,19,196.33,3872.07,Received
PO000233,SP00177,SUP018,2024-02-11,2024-02-18,2024-02-23,77,77,80.78,5810.83,Received
PO000234,SP00074,SUP005,2024-02-12,2024-02-21,2024-02-21,72,72,1543.58,113140.23,Received
PO000235,SP00190,SUP001,2024-02-12,2024-02-27,2024-02-27,95,95,321.23,30152.32,Received
PO000236,SP00140,SUP015,2024-02-12,2024-02-17,2024-02-15,57,57,3287.55,189463.21,Received
PO000237,SP00054,SUP003,2024-02-13,2024-03-04,2024-03-05,66,66,274.88,19723.44,Received
PO000238,SP00043,SUP018,2024-02-13,2024-02-24,2024-02-23,56,56,202.33,11403.39,Received
PO000239,SP00096,SUP019,2024-02-13,2024-02-26,2024-02-25,10,10,281.14,2865.38,Received
PO000240,SP00028,SUP016,2024-02-14,2024-02-20,2024-02-20,42,42,243.73,10092.25,Received
PO000241,SP00142,SUP001,2024-02-14,2024-02-29,2024-03-01,52,52,298.84,15970.13,Received
PO000242,SP00177,SUP018,2024-02-17,2024-02-24,2024-02-25,51,51,78.06,4097.21,Received
PO000243,SP00109,SUP019,2024-02-17,2024-03-04,2024-03-03,27,27,356.96,9838.05,Received
PO000244,SP00080,SUP006,2024-02-18,2024-03-08,2024-03-06,98,98,327.6,32185.66,Received
PO000245,SP00134,SUP001,2024-02-22,2024-03-02,2024-02-29,53,53,950.65,46370.44,Received
PO000246,SP00119,SUP006,2024-02-23,2024-03-01,2024-02-29,80,80,903.42,74783.98,Received
PO000247,SP00099,SUP006,2024-02-27,2024-03-15,2024-03-15,26,26,480.41,13258.07,Received
PO000248,SP00069,SUP002,2024-02-27,2024-03-06,2024-03-05,29,29,65.03,1866.37,Received
PO000249,SP00171,SUP006,2024-02-27,2024-03-18,2024-03-16,99,99,189.14,19496.97,Received
PO000250,SP00160,SUP015,2024-03-02,2024-03-23,2024-03-25,52,52,420.66,22193.5,Received
PO000251,SP00025,SUP008,2024-03-03,2024-03-21,2024-03-22,30,30,178.69,5389.59,Received
PO000252,SP00015,SUP015,2024-03-04,2024-03-23,2024-03-24,99,99,274.74,25841.82,Received
PO000253,SP00182,SUP003,2024-03-04,2024-03-13,2024-03-15,78,78,1143.2,93428.05,Received
PO000254,SP00073,SUP020,2024-03-05,2024-03-17,2024-03-16,45,45,321.43,14656.6,Received
PO000255,SP00100,SUP005,2024-03-08,2024-03-13,2024-03-12,26,26,3074.6,76913.32,Received
PO000256,SP00003,SUP020,2024-03-17,2024-03-28,2024-03-29,95,95,927.26,82399.92,Received
PO000257,SP00027,SUP011,2024-03-17,2024-04-04,2024-04-03,33,33,481.92,16106.26,Received
PO000258,SP00001,SUP017,2024-03-17,2024-03-27,2024-03-26,31,31,950.12,30580.21,Received
PO000259,SP00138,SUP011,2024-03-18,2024-04-04,2024-04-04,20,20,381.86,7775.05,Received
PO000260,SP00073,SUP020,2024-03-18,2024-03-30,2024-03-31,13,13,331.31,4344.99,Received
PO000261,SP00024,SUP006,2024-03-18,2024-04-02,2024-04-05,47,47,59.83,2897.96,Received
PO000262,SP00075,SUP003,2024-03-19,2024-03-28,2024-03-27,49,49,2770.08,126211.72,Received
PO000263,SP00096,SUP019,2024-03-22,2024-04-04,2024-04-06,92,92,295.84,26673.63,Received
PO000264,SP00028,SUP016,2024-03-22,2024-03-28,2024-03-29,54,54,249.58,13371.02,Received
PO000265,SP00194,SUP010,2024-03-22,2024-04-05,2024-04-06,34,34,648.57,21703.13,Received
PO000266,SP00139,SUP016,2024-03-27,2024-04-04,2024-04-06,76,76,4296.88,330021.31,Received
PO000267,SP00115,SUP006,2024-03-27,2024-04-08,2024-04-07,88,88,518.53,46378.86,Received
PO000268,SP00022,SUP010,2024-03-27,2024-04-05,2024-04-05,53,53,225.42,12747.03,Received
PO000269,SP00145,SUP002,2024-03-28,2024-04-05,2024-04-04,26,26,4382.79,114837.33,Received
PO000270,SP00110,SUP008,2024-03-28,2024-04-07,2024-04-09,18,18,2843.76,50138.76,Received
PO000271,SP00096,SUP019,2024-03-30,2024-04-12,2024-04-11,90,90,272.89,25710.89,Received
PO000272,SP00042,SUP006,2024-03-30,2024-04-09,2024-04-18,56,56,287.73,17120.45,Received
PO000273,SP00194,SUP010,2024-03-30,2024-04-13,2024-04-12,58,58,687.17,39842.34,Received
PO000274,SP00150,SUP002,2024-03-31,2024-04-05,2024-04-13,52,52,4256.37,222896.13,Received
PO000275,SP00022,SUP010,2024-04-02,2024-04-11,2024-04-11,95,95,233.7,22745.47,Received
PO000276,SP00139,SUP016,2024-04-04,2024-04-12,2024-04-14,62,62,4306.73,264971.35,Received
PO000277,SP00113,SUP015,2024-04-04,2024-04-17,2024-04-25,43,43,527.33,22057.97,Received
PO000278,SP00116,SUP006,2024-04-04,2024-04-13,2024-04-13,35,35,886.93,32553.9,Received
PO000279,SP00072,SUP017,2024-04-07,2024-04-12,2024-04-11,50,50,1919.1,92654.04,Received
PO000280,SP00106,SUP014,2024-04-07,2024-04-12,2024-04-10,38,38,396.48,14972.66,Received
PO000281,SP00005,SUP020,2024-04-09,2024-04-27,2024-04-27,54,54,185.28,10513.45,Received
PO000282,SP00190,SUP001,2024-04-13,2024-04-28,2024-05-06,89,89,341.12,27778.61,Received
PO000283,SP00113,SUP015,2024-04-15,2024-04-28,2024-04-29,30,30,534.97,16039.08,Received
PO000284,SP00144,SUP013,2024-04-15,2024-05-01,2024-05-02,69,69,500.91,33279.25,Received
PO000285,SP00024,SUP006,2024-04-16,2024-05-01,2024-05-07,90,90,61.56,5411.0,Received
PO000286,SP00194,SUP010,2024-04-16,2024-04-30,2024-04-28,68,68,673.64,43014.07,Received
PO000287,SP00170,SUP019,2024-04-17,2024-04-27,2024-04-27,77,77,3880.8,307728.98,Received
PO000288,SP00054,SUP003,2024-04-17,2024-05-07,2024-05-09,23,23,294.3,6726.69,Received
PO000289,SP00189,SUP018,2024-04-18,2024-05-05,2024-05-03,84,84,343.12,26810.33,Received
PO000290,SP00142,SUP001,2024-04-18,2024-05-03,2024-05-01,31,31,313.52,9824.57,Received
PO000291,SP00168,SUP019,2024-04-19,2024-04-29,2024-04-28,46,46,232.91,10029.12,Received
PO000292,SP00092,SUP013,2024-04-21,2024-05-01,2024-05-01,17,17,910.34,15192.38,Received
PO000293,SP00142,SUP001,2024-04-24,2024-05-09,2024-05-11,76,76,300.78,22000.33,Received
PO000294,SP00030,SUP002,2024-04-24,2024-05-02,2024-05-02,65,65,496.02,32233.47,Received
PO000295,SP00161,SUP010,2024-04-25,2024-05-01,2024-05-03,52,52,267.91,13739.62,Received
PO000296,SP00083,SUP004,2024-04-27,2024-05-02,2024-05-01,18,18,860.53,16858.49,Received
PO000297,SP00014,SUP018,2024-04-28,2024-05-13,2024-05-14,100,100,325.82,34236.62,Received
PO000298,SP00001,SUP017,2024-04-30,2024-05-10,2024-05-11,60,59,996.46,61687.74,Received
PO000299,SP00185,SUP008,2024-05-02,2024-05-22,2024-05-20,54,54,322.04,16651.04,Received
PO000300,SP00123,SUP015,2024-05-02,2024-05-14,2024-05-13,28,28,356.01,10612.73,Received
PO000301,SP00140,SUP015,2024-05-07,2024-05-12,2024-05-10,65,65,3381.09,223411.11,Received
PO000302,SP00035,SUP009,2024-05-07,2024-05-12,2024-05-11,50,50,699.8,33900.78,Received
PO000303,SP00018,SUP020,2024-05-07,2024-05-26,2024-06-01,11,11,190.98,2051.48,Received
PO000304,SP00081,SUP007,2024-05-08,2024-05-15,2024-05-13,44,44,334.1,14546.29,Received
PO000305,SP00170,SUP019,2024-05-08,2024-05-18,2024-05-28,31,31,3678.12,122098.1,Received
PO000306,SP00071,SUP010,2024-05-08,2024-05-17,2024-05-16,27,27,3334.88,94125.52,Received
PO000307,SP00099,SUP006,2024-05-15,2024-06-01,2024-05-30,48,48,494.39,24252.99,Received
PO000308,SP00114,SUP019,2024-05-25,2024-06-03,2024-06-02,31,31,90.41,2901.45,Received
PO000309,SP00135,SUP014,2024-05-26,2024-06-01,2024-06-02,64,64,2522.93,163986.52,Received
PO000310,SP00014,SUP018,2024-05-26,2024-06-10,2024-06-08,68,68,334.33,23597.39,Received
PO000311,SP00010,SUP013,2024-05-26,2024-05-31,2024-06-06,42,42,927.35,41433.53,Received
PO000312,SP00006,SUP019,2024-05-28,2024-06-16,2024-06-15,55,55,166.56,9225.72,Received
PO000313,SP00032,SUP006,2024-05-30,2024-06-20,2024-06-18,59,59,368.29,21919.92,Received
PO000314,SP00003,SUP020,2024-05-30,2024-06-10,2024-06-18,85,85,910.64,75139.66,Received
PO000315,SP00050,SUP013,2024-05-30,2024-06-15,2024-06-17,61,61,135.12,8381.85,Received
PO000316,SP00130,SUP007,2024-06-03,2024-06-18,2024-06-20,10,10,199.49,2012.76,Received
PO000317,SP00145,SUP002,2024-06-03,2024-06-11,2024-06-21,95,95,4383.38,427850.57,Received
PO000318,SP00058,SUP018,2024-06-04,2024-06-23,2024-06-22,63,63,450.99,28595.53,Received
PO000319,SP00159,SUP012,2024-06-04,2024-06-14,2024-06-15,54,54,2453.64,130542.92,Received
PO000320,SP00053,SUP002,2024-06-04,2024-06-12,2024-06-12,11,11,2129.72,22259.52,Received
PO000321,SP00171,SUP006,2024-06-05,2024-06-25,2024-06-27,96,96,194.77,19086.17,Received
PO000322,SP00096,SUP019,2024-06-10,2024-06-23,2024-06-30,65,65,286.74,18940.62,Received
PO000323,SP00138,SUP011,2024-06-10,2024-06-27,2024-07-04,18,18,378.0,6791.5,Received
PO000324,SP00087,SUP020,2024-06-11,2024-06-21,2024-06-23,86,86,120.84,10780.96,Received
PO000325,SP00112,SUP010,2024-06-22,2024-07-01,2024-07-03,67,67,1380.81,95041.95,Received
PO000326,SP00190,SUP001,2024-06-26,2024-07-11,2024-07-11,95,95,325.66,31396.28,Received
PO000327,SP00096,SUP019,2024-06-26,2024-07-09,2024-07-07,35,35,282.78,10095.12,Received
PO000328,SP00109,SUP019,2024-06-26,2024-07-12,2024-07-17,95,95,357.35,35674.95,Received
PO000329,SP00048,SUP017,2024-07-01,2024-07-09,2024-07-10,73,73,192.44,14098.72,Received
PO000330,SP00180,SUP012,2024-07-01,2024-07-14,2024-07-22,57,57,602.44,32222.43,Received
PO000331,SP00160,SUP015,2024-07-05,2024-07-26,2024-07-24,73,73,416.1,29114.44,Received
PO000332,SP00198,SUP017,2024-07-07,2024-07-19,2024-07-17,79,79,398.74,31158.49,Received
PO000333,SP00169,SUP008,2024-07-07,2024-07-22,2024-07-21,10,10,292.94,3134.44,Received
PO000334,SP00119,SUP006,2024-07-08,2024-07-15,2024-07-16,88,88,948.8,82106.89,Received
PO000335,SP00055,SUP007,2024-07-08,2024-07-17,2024-07-18,55,55,961.48,52546.13,Received
PO000336,SP00199,SUP016,2024-07-08,2024-07-24,2024-07-24,60,60,470.55,28751.86,Received
PO000337,SP00085,SUP020,2024-07-16,2024-07-29,2024-07-30,69,69,611.95,43261.36,Received
PO000338,SP00132,SUP019,2024-07-20,2024-07-31,2024-07-30,12,12,237.38,2991.83,Received
PO000339,SP00197,SUP012,2024-07-20,2024-08-04,2024-08-06,55,55,890.15,51201.24,Received
PO000340,SP00188,SUP003,2024-07-31,2024-08-15,2024-08-18,87,87,260.29,22679.47,Received
PO000341,SP00096,SUP019,2024-08-04,2024-08-17,2024-08-18,38,38,280.84,10959.85,Received
PO000342,SP00132,SUP019,2024-08-04,2024-08-15,2024-08-13,14,14,240.68,3296.37,Received
PO000343,SP00016,SUP001,2024-08-04,2024-08-15,2024-08-16,69,69,228.8,16295.33,Received
PO000344,SP00112,SUP010,2024-08-05,2024-08-14,2024-08-12,33,33,1325.28,45111.39,Received
PO000345,SP00099,SUP006,2024-08-05,2024-08-22,2024-08-22,92,92,483.25,45360.99,Received
PO000346,SP00143,SUP009,2024-08-07,2024-08-15,2024-08-16,30,30,419.43,12687.84,Received
PO000347,SP00134,SUP001,2024-08-10,2024-08-19,2024-08-29,64,64,876.1,56943.21,Received
PO000348,SP00039,SUP008,2024-08-10,2024-08-17,2024-08-25,57,57,780.5,42159.4,Received
PO000349,SP00145,SUP002,2024-08-12,2024-08-20,2024-08-20,15,15,4446.0,62684.03,Received
PO000350,SP00064,SUP001,2024-08-12,2024-08-18,2024-08-27,39,39,1922.52,70031.33,Received
PO000351,SP00001,SUP017,2024-08-12,2024-08-22,2024-08-23,42,42,936.55,39736.52,Received
PO000352,SP00189,SUP018,2024-08-13,2024-08-30,2024-08-28,77,77,340.85,26457.37,Received
PO000353,SP00133,SUP016,2024-08-13,2024-08-28,2024-08-30,38,38,454.26,17002.14,Received
PO000354,SP00127,SUP019,2024-08-13,2024-08-25,2024-08-28,94,94,735.18,70040.8,Received
PO000355,SP00130,SUP007,2024-08-21,2024-09-05,2024-09-04,75,75,192.96,15597.95,Received
PO000356,SP00118,SUP013,2024-08-23,2024-09-05,2024-09-05,77,77,386.65,29059.02,Received
PO000357,SP00172,SUP013,2024-08-23,2024-09-09,2024-09-11,35,35,79.73,2843.77,Received
PO000358,SP00003,SUP020,2024-08-23,2024-09-03,2024-09-03,100,100,921.7,87747.93,Received
PO000359,SP00162,SUP009,2024-08-25,2024-09-03,2024-09-01,86,86,269.67,22382.83,Received
PO000360,SP00020,SUP009,2024-08-29,2024-09-09,2024-09-17,34,34,344.1,11395.12,Received
PO000361,SP00046,SUP003,2024-08-29,2024-09-10,2024-09-09,59,59,397.31,22887.48,Received
PO000362,SP00126,SUP014,2024-08-31,2024-09-07,2024-09-07,70,70,190.9,13838.82,Received
PO000363,SP00084,SUP018,2024-08-31,2024-09-10,2024-09-10,38,38,267.51,10098.18,Received
PO000364,SP00132,SUP019,2024-09-04,2024-09-15,2024-09-16,43,43,238.34,10354.59,Received
PO000365,SP00135,SUP014,2024-09-04,2024-09-10,2024-09-10,30,30,2585.27,74339.62,Received
PO000366,SP00177,SUP018,2024-09-04,2024-09-11,2024-09-12,59,59,78.02,4493.82,Received
PO000367,SP00026,SUP010,2024-09-05,2024-09-15,2024-09-13,49,49,216.62,10019.29,Received
PO000368,SP00158,SUP013,2024-09-05,2024-09-08,2024-09-07,62,62,1104.53,70165.23,Received
PO000369,SP00122,SUP020,2024-09-08,2024-09-23,2024-09-25,41,41,273.34,11038.5,Received
PO000370,SP00023,SUP016,2024-09-08,2024-09-26,2024-09-26,10,10,327.03,3155.63,Received
PO000371,SP00168,SUP019,2024-09-08,2024-09-18,2024-09-17,54,54,226.25,11433.36,Received
PO000372,SP00065,SUP015,2024-09-09,2024-09-17,2024-09-17,30,30,470.32,13812.79,Received
PO000373,SP00154,SUP009,2024-09-09,2024-09-26,2024-09-25,53,53,285.94,15132.72,Received
PO000374,SP00051,SUP008,2024-09-09,2024-09-16,2024-09-16,32,32,295.93,8725.97,Received
PO000375,SP00023,SUP016,2024-09-15,2024-10-03,2024-10-03,56,56,333.12,18602.67,Received
PO000376,SP00068,SUP019,2024-09-15,2024-09-29,2024-09-27,31,31,397.13,12022.96,Received
PO000377,SP00104,SUP020,2024-09-16,2024-09-21,2024-09-29,73,73,2160.86,149895.82,Received
PO000378,SP00087,SUP020,2024-09-16,2024-09-26,2024-09-29,94,94,127.43,12088.74,Received
PO000379,SP00112,SUP010,2024-09-21,2024-09-30,2024-09-29,75,75,1356.97,97133.67,Received
PO000380,SP00018,SUP020,2024-09-25,2024-10-14,2024-10-13,44,44,187.04,8264.03,Received
PO000381,SP00147,SUP007,2024-09-25,2024-10-14,2024-10-14,40,40,133.23,5306.52,Received
PO000382,SP00163,SUP015,2024-09-25,2024-10-14,2024-10-14,17,17,132.98,2141.71,Received
PO000383,SP00193,SUP016,2024-10-06,2024-10-13,2024-10-12,94,94,388.65,34045.87,Received
PO000384,SP00131,SUP020,2024-10-06,2024-10-10,2024-10-11,54,54,1019.84,53758.7,Received
PO000385,SP00010,SUP013,2024-10-11,2024-10-16,2024-10-17,37,37,941.99,35902.77,Received
PO000386,SP00113,SUP015,2024-10-11,2024-10-24,2024-10-24,73,73,545.49,38154.53,Received
PO000387,SP00006,SUP019,2024-10-12,2024-10-31,2024-11-01,25,25,175.82,4268.89,Received
PO000388,SP00184,SUP008,2024-10-12,2024-10-25,2024-10-26,49,49,299.78,14948.63,Received
PO000389,SP00054,SUP003,2024-10-12,2024-11-01,2024-11-02,92,92,284.99,27656.22,Received
PO000390,SP00138,SUP011,2024-10-13,2024-10-30,2024-11-01,33,31,380.38,13032.5,Received
PO000391,SP00099,SUP006,2024-10-26,2024-11-12,2024-11-11,78,78,488.87,37494.16,Received
PO000392,SP00172,SUP013,2024-10-26,2024-11-12,2024-11-10,74,74,78.79,6173.22,Received
PO000393,SP00142,SUP001,2024-10-27,2024-11-11,2024-11-11,40,40,297.71,12573.18,Received
PO000394,SP00038,SUP002,2024-10-27,2024-11-11,2024-11-19,22,22,601.01,12783.83,Received
PO000395,SP00044,SUP018,2024-10-28,2024-11-04,2024-11-06,81,81,2874.11,240705.73,Received
PO000396,SP00117,SUP017,2024-10-31,2024-11-08,2024-11-10,70,70,944.09,61874.19,Received
PO000397,SP00096,SUP019,2024-10-31,2024-11-13,2024-11-20,60,60,285.84,16535.76,Received
PO000398,SP00096,SUP019,2024-11-02,2024-11-15,2024-11-23,11,11,289.85,3201.87,Received
PO000399,SP00077,SUP017,2024-11-02,2024-11-15,2024-11-19,32,32,570.25,19735.41,Received
PO000400,SP00028,SUP016,2024-11-07,2024-11-13,2024-11-15,95,95,251.11,23191.92,Received
PO000401,SP00088,SUP009,2024-11-07,2024-11-11,2024-11-12,39,39,2573.81,102697.33,Received
PO000402,SP00138,SUP011,2024-11-07,2024-11-24,2024-11-23,26,26,378.05,10033.49,Received
PO000403,SP00093,SUP010,2024-11-28,2024-12-08,2024-12-14,61,61,220.8,13567.44,Received
PO000404,SP00109,SUP019,2024-11-28,2024-12-14,2024-12-12,34,34,381.93,12112.38,Received
PO000405,SP00060,SUP014,2024-11-28,2024-12-17,2024-12-24,27,27,434.9,11196.88,Received
PO000406,SP00191,SUP011,2024-11-29,2024-12-15,2024-12-15,32,29,268.07,9074.07,Received
PO000407,SP00128,SUP013,2024-11-29,2024-12-07,2024-12-06,71,71,926.33,63342.34,Received
PO000408,SP00042,SUP006,2024-11-29,2024-12-09,2024-12-07,71,71,314.56,20801.69,Received
PO000409,SP00086,SUP017,2024-11-30,2024-12-11,2024-12-13,88,88,791.74,69063.65,Received
PO000410,SP00141,SUP002,2024-11-30,2024-12-21,2024-12-19,15,15,269.74,3940.4,Received
PO000411,SP00011,SUP005,2024-11-30,2024-12-12,2024-12-12,57,57,394.97,22533.05,Received
PO000412,SP00027,SUP011,2024-12-02,2024-12-20,2024-12-19,59,59,510.43,30490.82,Received
PO000413,SP00199,SUP016,2024-12-02,2024-12-18,2024-12-26,10,10,502.54,5110.73,Received
PO000414,SP00075,SUP003,2024-12-02,2024-12-11,2024-12-10,76,76,2738.86,196209.98,Received
PO000415,SP00047,SUP005,2024-12-07,2024-12-26,2024-12-26,23,23,133.17,3156.04,Received
PO000416,SP00056,SUP018,2024-12-14,2024-12-27,2024-12-25,89,89,627.58,57680.92,Received
PO000417,SP00086,SUP017,2024-12-14,2024-12-25,2024-12-26,18,18,771.13,13103.96,Received
PO000418,SP00102,SUP006,2024-12-21,2024-12-29,2025-01-02,13,13,118.61,1478.52,Received
PO000419,SP00132,SUP019,2024-12-21,2025-01-01,2024-12-31,20,16,230.5,4787.7,Received
PO000420,SP00047,SUP005,2024-12-21,2025-01-09,2025-01-09,36,36,141.98,4951.52,Received
PO000421,SP00017,SUP016,2024-12-24,2025-01-06,2025-01-04,84,84,467.26,41122.86,Received
PO000422,SP00190,SUP001,2024-12-28,2025-01-12,2025-01-12,65,65,342.08,21280.66,Received
PO000423,SP00013,SUP006,2024-12-28,2025-01-15,2025-01-17,81,81,305.74,25233.48,Received
PO000424,SP00102,SUP006,2024-12-30,2025-01-07,2025-01-15,80,80,124.08,9089.0,Received
PO000425,SP00052,SUP015,2024-12-30,2025-01-09,2025-01-08,61,61,546.75,35263.0,Received
PO000426,SP00030,SUP002,2025-01-05,2025-01-13,2025-01-13,91,91,487.43,43909.56,Received
PO000427,SP00112,SUP010,2025-01-08,2025-01-17,2025-01-15,61,61,1378.45,81459.77,Received
PO000428,SP00133,SUP016,2025-01-08,2025-01-23,2025-01-31,19,19,483.58,8769.15,Received
PO000429,SP00195,SUP005,2025-01-10,2025-01-17,2025-01-16,34,34,1020.67,37470.07,Received
PO000430,SP00108,SUP002,2025-01-10,2025-01-23,2025-01-25,96,93,452.09,43460.29,Received
PO000431,SP00024,SUP006,2025-01-10,2025-01-25,2025-01-27,91,91,59.37,5514.86,Received
PO000432,SP00090,SUP016,2025-01-12,2025-02-02,2025-02-01,37,37,269.18,10181.12,Received
PO000433,SP00118,SUP013,2025-01-18,2025-01-31,2025-02-01,68,68,361.16,24844.31,Received
PO000434,SP00063,SUP005,2025-01-24,2025-01-27,2025-01-26,19,19,5026.44,89566.81,Received
PO000435,SP00054,SUP003,2025-01-26,2025-02-15,2025-02-22,75,75,276.8,22361.37,Received
PO000436,SP00093,SUP010,2025-01-26,2025-02-05,2025-02-05,27,27,206.19,6014.1,Received
PO000437,SP00120,SUP006,2025-01-29,2025-02-08,2025-02-09,41,41,2469.76,97240.88,Received
PO000438,SP00104,SUP020,2025-01-29,2025-02-03,2025-02-02,44,44,2162.51,94925.65,Received
PO000439,SP00146,SUP010,2025-02-02,2025-02-14,2025-02-13,88,88,85.9,7645.85,Received
PO000440,SP00015,SUP015,2025-02-05,2025-02-24,2025-03-01,75,75,272.17,20203.38,Received
PO000441,SP00025,SUP008,2025-02-05,2025-02-23,2025-02-28,53,53,169.62,8686.19,Received
PO000442,SP00043,SUP018,2025-02-06,2025-02-17,2025-02-15,82,82,202.42,15338.74,Received
PO000443,SP00133,SUP016,2025-02-06,2025-02-21,2025-02-20,19,19,476.36,8541.76,Received
PO000444,SP00034,SUP007,2025-02-14,2025-03-06,2025-03-05,92,92,136.75,12562.58,Received
PO000445,SP00158,SUP013,2025-02-14,2025-02-17,2025-02-16,49,49,1085.91,54510.52,Received
PO000446,SP00018,SUP020,2025-02-14,2025-03-05,2025-03-03,43,43,179.27,8085.49,Received
PO000447,SP00056,SUP018,2025-02-20,2025-03-05,2025-03-03,44,44,638.4,27861.55,Received
PO000448,SP00077,SUP017,2025-02-20,2025-03-05,2025-03-03,67,67,590.4,38303.72,Received
PO000449,SP00005,SUP020,2025-02-20,2025-03-10,2025-03-14,46,43,194.2,9228.48,Received
PO000450,SP00141,SUP002,2025-02-27,2025-03-20,2025-03-20,53,53,263.74,14076.62,Received
PO000451,SP00099,SUP006,2025-02-27,2025-03-16,2025-03-16,31,31,488.97,14880.52,Received
PO000452,SP00131,SUP020,2025-03-01,2025-03-05,2025-03-07,28,28,1006.05,26859.96,Received
PO000453,SP00078,SUP019,2025-03-01,2025-03-11,2025-03-10,78,78,248.44,19220.09,Received
PO000454,SP00128,SUP013,2025-03-07,2025-03-15,2025-03-15,28,28,920.51,24733.46,Received
PO000455,SP00147,SUP007,2025-03-07,2025-03-26,2025-03-26,41,37,124.09,5212.05,Received
PO000456,SP00187,SUP005,2025-03-08,2025-03-26,2025-03-24,27,27,96.03,2619.42,Received
PO000457,SP00139,SUP016,2025-03-09,2025-03-17,2025-03-22,48,48,4137.38,206617.91,Received
PO000458,SP00196,SUP004,2025-03-09,2025-03-16,2025-03-14,74,71,171.0,13390.23,Received
PO000459,SP00168,SUP019,2025-03-10,2025-03-20,2025-03-23,71,71,214.41,15106.39,Received
PO000460,SP00137,SUP017,2025-03-19,2025-03-30,2025-03-30,95,95,159.75,14869.31,Received
PO000461,SP00194,SUP010,2025-03-19,2025-04-02,2025-04-02,67,67,650.41,42640.66,Received
PO000462,SP00149,SUP005,2025-03-22,2025-04-10,2025-04-08,74,74,484.77,34856.91,Received
PO000463,SP00152,SUP010,2025-03-22,2025-03-26,2025-03-24,46,46,2055.98,93232.66,Received
PO000464,SP00115,SUP006,2025-03-23,2025-04-04,2025-04-05,18,18,538.79,9475.14,Received
PO000465,SP00128,SUP013,2025-03-24,2025-04-01,2025-04-07,57,57,939.08,50492.18,Received
PO000466,SP00141,SUP002,2025-03-24,2025-04-14,2025-04-14,80,80,248.09,21464.41,Received
PO000467,SP00067,SUP003,2025-03-24,2025-04-09,2025-04-10,19,19,92.47,1764.39,Received
PO000468,SP00161,SUP010,2025-03-29,2025-04-04,2025-04-06,24,24,276.53,6845.64,Received
PO000469,SP00081,SUP007,2025-03-31,2025-04-07,2025-04-12,79,79,315.89,25313.68,Received
PO000470,SP00101,SUP015,2025-03-31,2025-04-09,2025-04-09,25,25,3950.68,93784.1,Received
PO000471,SP00057,SUP015,2025-04-02,2025-04-10,2025-04-10,32,32,3952.02,129141.12,Received
PO000472,SP00175,SUP010,2025-04-02,2025-04-13,2025-04-15,46,46,137.3,6548.71,Received
PO000473,SP00101,SUP015,2025-04-06,2025-04-15,2025-04-16,12,12,3773.86,49581.41,Received
PO000474,SP00155,SUP017,2025-04-06,2025-04-20,2025-04-20,73,73,400.5,31293.86,Received
PO000475,SP00088,SUP009,2025-04-06,2025-04-10,2025-04-12,43,43,2534.3,116343.08,Received
PO000476,SP00077,SUP017,2025-04-11,2025-04-24,2025-04-25,78,78,592.57,44090.51,Received
PO000477,SP00056,SUP018,2025-04-11,2025-04-24,2025-04-25,18,18,665.51,11567.29,Received
PO000478,SP00015,SUP015,2025-04-13,2025-05-02,2025-05-09,66,66,256.75,18301.95,Received
PO000479,SP00104,SUP020,2025-04-13,2025-04-18,2025-04-22,98,98,2186.43,215807.05,Received
PO000480,SP00194,SUP010,2025-04-14,2025-04-28,2025-04-28,73,73,639.44,47262.85,Received
PO000481,SP00017,SUP016,2025-04-14,2025-04-27,2025-04-27,90,90,472.17,42575.06,Received
PO000482,SP00011,SUP005,2025-04-21,2025-05-03,2025-05-03,90,89,417.46,34277.28,Received
PO000483,SP00004,SUP011,2025-04-21,2025-04-29,2025-04-29,35,35,430.75,15818.21,Received
PO000484,SP00140,SUP015,2025-04-23,2025-04-28,2025-04-28,83,83,3470.36,275819.95,Received
PO000485,SP00133,SUP016,2025-05-01,2025-05-16,2025-05-15,55,55,462.69,26756.05,Received
PO000486,SP00074,SUP005,2025-05-01,2025-05-10,2025-05-10,44,44,1536.04,67834.32,Received
PO000487,SP00097,SUP005,2025-05-01,2025-05-15,2025-05-13,13,13,462.57,6196.37,Received
PO000488,SP00071,SUP010,2025-05-03,2025-05-12,2025-05-10,58,57,3427.65,194707.85,Received
PO000489,SP00111,SUP017,2025-05-07,2025-05-22,2025-05-24,57,57,476.01,27009.99,Received
PO000490,SP00023,SUP016,2025-05-13,2025-05-31,2025-05-31,10,10,340.89,3243.15,Received
PO000491,SP00066,SUP008,2025-05-13,2025-05-27,2025-05-27,90,90,311.35,27329.57,Received
PO000492,SP00142,SUP001,2025-05-13,2025-05-28,2025-05-29,54,54,316.6,15725.08,Received
PO000493,SP00065,SUP015,2025-05-15,2025-05-23,2025-05-25,96,96,463.21,45603.72,Received
PO000494,SP00029,SUP004,2025-05-16,2025-05-27,2025-05-26,28,28,903.96,26168.04,Received
PO000495,SP00196,SUP004,2025-05-16,2025-05-23,2025-05-25,69,69,175.42,11610.39,Received
PO000496,SP00193,SUP016,2025-05-18,2025-05-25,2025-05-23,65,65,383.88,23807.59,Received
PO000497,SP00076,SUP016,2025-05-18,2025-06-06,2025-06-07,32,32,414.23,12382.4,Received
PO000498,SP00083,SUP004,2025-05-18,2025-05-23,2025-05-24,97,97,865.1,87347.68,Received
PO000499,SP00124,SUP018,2025-05-19,2025-05-26,2025-06-01,52,52,1599.07,81539.85,Received
PO000500,SP00128,SUP013,2025-05-19,2025-05-27,2025-05-25,79,79,944.23,76124.16,Received
PO000501,SP00197,SUP012,2025-05-19,2025-06-03,2025-06-05,98,98,901.51,90979.0,Received
PO000502,SP00013,SUP006,2025-05-21,2025-06-08,2025-06-11,18,18,287.12,5575.33,Received
PO000503,SP00167,SUP018,2025-05-22,2025-06-07,2025-06-06,77,77,314.65,23911.87,Received
PO000504,SP00011,SUP005,2025-05-23,2025-06-04,2025-06-03,13,13,388.53,5198.96,Received
PO000505,SP00026,SUP010,2025-05-23,2025-06-02,2025-06-02,88,88,207.09,17909.15,Received
PO000506,SP00193,SUP016,2025-05-23,2025-05-30,2025-05-31,31,31,372.1,11844.5,Received
PO000507,SP00103,SUP008,2025-05-24,2025-06-09,2025-06-11,41,41,308.19,12721.85,Received
PO000508,SP00177,SUP018,2025-05-24,2025-05-31,2025-05-29,48,48,78.96,3839.39,Received
PO000509,SP00010,SUP013,2025-05-24,2025-05-29,2025-05-30,14,14,933.7,13697.51,Received
PO000510,SP00170,SUP019,2025-05-29,2025-06-08,2025-06-08,15,15,3813.72,54727.02,Received
PO000511,SP00136,SUP007,2025-05-29,2025-06-04,2025-06-05,89,89,1908.55,169464.08,Received
PO000512,SP00078,SUP019,2025-05-29,2025-06-08,2025-06-07,51,51,256.06,12712.36,Received
PO000513,SP00147,SUP007,2025-06-01,2025-06-20,2025-06-22,60,60,133.78,8013.24,Received
PO000514,SP00032,SUP006,2025-06-01,2025-06-22,2025-06-20,20,20,350.24,7056.62,Received
PO000515,SP00114,SUP019,2025-06-02,2025-06-11,2025-06-13,96,96,87.21,8980.8,Received
PO000516,SP00009,SUP013,2025-06-04,2025-06-07,2025-06-08,87,87,823.87,65579.81,Received
PO000517,SP00018,SUP020,2025-06-04,2025-06-23,2025-06-22,86,86,178.0,16447.79,Received
PO000518,SP00172,SUP013,2025-06-05,2025-06-22,2025-06-20,41,41,79.94,3454.51,Received
PO000519,SP00098,SUP017,2025-06-05,2025-06-12,2025-06-13,59,59,663.79,37890.27,Received
PO000520,SP00165,SUP013,2025-06-06,2025-06-21,2025-06-27,76,76,376.35,30319.78,Received
PO000521,SP00016,SUP001,2025-06-06,2025-06-17,2025-06-17,37,37,228.45,8986.41,Received
PO000522,SP00041,SUP016,2025-06-07,2025-06-18,2025-06-16,37,37,214.02,7565.58,Received
PO000523,SP00067,SUP003,2025-06-07,2025-06-23,2025-06-24,59,59,91.52,5412.93,Received
PO000524,SP00194,SUP010,2025-06-07,2025-06-21,2025-06-21,12,12,641.08,7524.45,Received
PO000525,SP00029,SUP004,2025-06-08,2025-06-19,2025-06-22,72,72,934.15,67041.69,Received
PO000526,SP00105,SUP005,2025-06-09,2025-06-23,2025-06-25,10,10,138.03,1321.61,Received
PO000527,SP00049,SUP007,2025-06-09,2025-06-14,2025-06-12,21,21,695.07,14563.19,Received
PO000528,SP00171,SUP006,2025-06-10,2025-06-30,2025-06-29,39,39,206.03,7816.18,Received
PO000529,SP00116,SUP006,2025-06-10,2025-06-19,2025-06-21,89,89,875.04,83243.98,Received
PO000530,SP00113,SUP015,2025-06-10,2025-06-23,2025-06-22,26,26,550.4,14507.76,Received
PO000531,SP00100,SUP005,2025-06-12,2025-06-17,2025-06-16,13,13,3012.56,40207.06,Received
PO000532,SP00190,SUP001,2025-06-12,2025-06-27,2025-07-01,88,88,331.31,29881.46,Received
PO000533,SP00029,SUP004,2025-06-14,2025-06-25,2025-06-27,13,13,894.82,12064.19,Received
PO000534,SP00045,SUP001,2025-06-14,2025-07-02,2025-07-01,39,39,52.81,2016.98,Received
PO000535,SP00001,SUP017,2025-06-14,2025-06-24,2025-06-29,52,52,993.56,49280.87,Received
PO000536,SP00121,SUP009,2025-06-20,2025-07-04,2025-07-12,23,23,950.93,22889.31,Received
PO000537,SP00168,SUP019,2025-06-23,2025-07-03,2025-07-13,82,82,213.74,18636.74,Received
PO000538,SP00062,SUP001,2025-06-30,2025-07-14,2025-07-12,85,85,213.72,17886.82,Received
PO000539,SP00056,SUP018,2025-06-30,2025-07-13,2025-07-21,10,10,644.45,6329.9,Received
PO000540,SP00134,SUP001,2025-07-05,2025-07-14,2025-07-13,21,21,873.79,18100.53,Received
PO000541,SP00085,SUP020,2025-07-05,2025-07-18,2025-07-20,29,29,650.51,18546.05,Received
PO000542,SP00085,SUP020,2025-07-05,2025-07-18,2025-07-18,61,61,654.68,40564.98,Received
PO000543,SP00149,SUP005,2025-07-11,2025-07-30,2025-08-08,68,68,459.15,32043.65,Received
PO000544,SP00028,SUP016,2025-07-11,2025-07-17,2025-07-19,84,84,252.78,20741.15,Received
PO000545,SP00111,SUP017,2025-07-14,2025-07-29,2025-08-06,45,45,509.84,21583.72,Received
PO000546,SP00101,SUP015,2025-07-14,2025-07-23,2025-07-23,95,95,4015.41,392479.42,Received
PO000547,SP00022,SUP010,2025-07-15,2025-07-24,2025-07-23,63,63,235.05,15248.16,Received
PO000548,SP00036,SUP019,2025-07-17,2025-07-20,2025-07-19,28,28,2197.01,64802.59,Received
PO000549,SP00053,SUP002,2025-07-21,2025-07-29,2025-07-31,21,21,2067.36,44356.68,Received
PO000550,SP00164,SUP015,2025-07-21,2025-07-29,2025-07-27,23,23,768.46,19047.18,Received
PO000551,SP00061,SUP018,2025-07-21,2025-08-03,2025-08-05,79,79,323.99,24826.84,Received
PO000552,SP00035,SUP009,2025-07-22,2025-07-27,2025-07-26,13,13,693.8,9609.51,Received
PO000553,SP00033,SUP016,2025-07-25,2025-07-29,2025-07-28,100,100,3827.96,368867.86,Received
PO000554,SP00090,SUP016,2025-07-25,2025-08-15,2025-08-19,96,96,275.51,27919.07,Received
PO000555,SP00062,SUP001,2025-07-25,2025-08-08,2025-08-08,35,35,203.2,7315.02,Received
PO000556,SP00022,SUP010,2025-07-26,2025-08-04,2025-08-09,41,41,226.56,9959.04,Received
PO000557,SP00041,SUP016,2025-07-30,2025-08-10,2025-08-12,79,79,206.0,17137.83,Received
PO000558,SP00138,SUP011,2025-07-30,2025-08-16,2025-08-18,98,98,389.1,37248.28,Received
PO000559,SP00183,SUP015,2025-08-03,2025-08-19,2025-08-17,94,94,422.91,42898.18,Received
PO000560,SP00058,SUP018,2025-08-03,2025-08-22,2025-08-20,86,86,439.32,39348.58,Received
PO000561,SP00128,SUP013,2025-08-03,2025-08-11,2025-08-10,53,53,961.93,46815.76,Received
PO000562,SP00075,SUP003,2025-08-04,2025-08-13,2025-08-14,98,98,2535.82,267291.77,Received
PO000563,SP00012,SUP015,2025-08-04,2025-08-14,2025-08-13,50,50,212.16,11424.18,Received
PO000564,SP00053,SUP002,2025-08-08,2025-08-16,2025-08-14,99,99,2177.89,217746.14,Received
PO000565,SP00012,SUP015,2025-08-08,2025-08-18,2025-08-23,40,40,229.31,9195.47,Received
PO000566,SP00180,SUP012,2025-08-14,2025-08-27,2025-08-26,64,64,566.73,37316.28,Received
PO000567,SP00073,SUP020,2025-08-14,2025-08-26,2025-08-24,31,31,337.97,10144.21,Received
PO000568,SP00167,SUP018,2025-08-14,2025-08-30,2025-08-31,66,66,321.72,20960.12,Received
PO000569,SP00051,SUP008,2025-08-17,2025-08-24,2025-09-01,87,87,297.43,24818.87,Received
PO000570,SP00199,SUP016,2025-08-20,2025-09-05,2025-09-04,65,65,504.32,33413.07,Received
PO000571,SP00160,SUP015,2025-08-21,2025-09-11,2025-09-12,69,69,408.71,28658.68,Received
PO000572,SP00115,SUP006,2025-08-21,2025-09-02,2025-09-04,85,85,502.0,43097.62,Received
PO000573,SP00180,SUP012,2025-08-21,2025-09-03,2025-09-05,94,94,562.31,55476.66,Received
PO000574,SP00125,SUP005,2025-08-22,2025-08-30,2025-08-29,52,52,1334.82,67104.55,Received
PO000575,SP00046,SUP003,2025-08-22,2025-09-03,2025-09-05,36,32,399.68,14937.86,Received
PO000576,SP00054,SUP003,2025-08-22,2025-09-11,2025-09-11,49,49,293.34,13924.06,Received
PO000577,SP00142,SUP001,2025-09-02,2025-09-17,2025-09-17,92,92,310.07,27137.81,Received
PO000578,SP00174,SUP010,2025-09-02,2025-09-12,2025-09-13,61,61,3891.79,229163.46,Received
PO000579,SP00041,SUP016,2025-09-02,2025-09-13,2025-09-12,65,62,213.23,13497.24,Received
PO000580,SP00081,SUP007,2025-09-14,2025-09-21,2025-09-22,87,87,331.11,28245.11,Received
PO000581,SP00085,SUP020,2025-09-16,2025-09-29,2025-10-01,36,36,619.26,22506.36,Received
PO000582,SP00042,SUP006,2025-09-16,2025-09-26,2025-09-26,82,82,288.63,24115.74,Received
PO000583,SP00164,SUP015,2025-09-16,2025-09-24,2025-09-25,14,14,766.11,11573.55,Received
PO000584,SP00157,SUP018,2025-09-20,2025-10-04,2025-10-05,57,57,335.85,20033.35,Received
PO000585,SP00198,SUP017,2025-09-21,2025-10-03,2025-10-12,42,42,421.82,17718.03,Received
PO000586,SP00194,SUP010,2025-09-21,2025-10-05,2025-10-15,16,16,665.38,10343.55,Received
PO000587,SP00094,SUP001,2025-09-23,2025-10-14,2025-10-14,60,60,434.71,23920.32,Received
PO000588,SP00003,SUP020,2025-09-25,2025-10-06,2025-10-07,39,39,914.86,34094.11,Received
PO000589,SP00178,SUP019,2025-09-27,2025-10-03,2025-10-02,75,75,4413.92,338768.99,Received
PO000590,SP00130,SUP007,2025-09-28,2025-10-13,2025-10-11,36,36,201.87,6808.32,Received
PO000591,SP00001,SUP017,2025-09-28,2025-10-08,2025-10-08,21,21,1015.85,20541.49,Received
PO000592,SP00097,SUP005,2025-09-28,2025-10-12,2025-10-12,88,85,468.56,42754.24,Received
PO000593,SP00060,SUP014,2025-09-29,2025-10-18,2025-10-19,13,13,438.88,5476.56,Received
PO000594,SP00121,SUP009,2025-09-29,2025-10-13,2025-10-20,58,58,999.79,54658.48,Received
PO000595,SP00033,SUP016,2025-09-29,2025-10-03,2025-10-09,36,36,3986.39,139450.93,Received
PO000596,SP00091,SUP001,2025-10-05,2025-10-15,2025-10-13,47,47,1311.38,61092.74,Received
PO000597,SP00158,SUP013,2025-10-05,2025-10-08,2025-10-06,25,25,1114.74,26467.61,Received
PO000598,SP00090,SUP016,2025-10-05,2025-10-26,2025-10-29,43,43,282.71,12069.22,Received
PO000599,SP00077,SUP017,2025-10-07,2025-10-20,2025-10-19,72,72,603.18,43144.38,Received
PO000600,SP00027,SUP011,2025-10-10,2025-10-28,2025-10-27,68,68,479.11,35127.45,Received
PO000601,SP00165,SUP013,2025-10-10,2025-10-25,2025-10-26,30,30,410.78,12063.09,Received
PO000602,SP00147,SUP007,2025-10-10,2025-10-29,2025-10-28,82,82,134.28,10517.47,Received
PO000603,SP00086,SUP017,2025-10-18,2025-10-29,2025-10-30,79,75,787.05,61343.54,Received
PO000604,SP00111,SUP017,2025-10-19,2025-11-03,2025-11-03,55,55,485.71,26583.65,Received
PO000605,SP00154,SUP009,2025-10-19,2025-11-05,2025-11-03,94,94,294.78,26803.06,Received
PO000606,SP00016,SUP001,2025-10-19,2025-10-30,2025-11-01,67,67,237.65,15881.28,Received
PO000607,SP00030,SUP002,2025-10-22,2025-10-30,2025-10-30,39,37,485.37,18954.74,Received
PO000608,SP00112,SUP010,2025-10-25,2025-11-03,2025-11-01,87,87,1370.87,116238.6,Received
PO000609,SP00169,SUP008,2025-10-29,2025-11-13,2025-11-11,40,40,315.94,12186.59,Received
PO000610,SP00001,SUP017,2025-10-29,2025-11-08,2025-11-10,38,38,972.09,39190.75,Received
PO000611,SP00114,SUP019,2025-11-01,2025-11-10,2025-11-17,16,16,89.71,1468.0,Received
PO000612,SP00001,SUP017,2025-11-01,2025-11-11,2025-11-13,100,100,968.26,96689.85,Received
PO000613,SP00114,SUP019,2025-11-01,2025-11-10,2025-11-08,33,33,87.18,3033.35,Received
PO000614,SP00041,SUP016,2025-11-11,2025-11-22,2025-11-24,17,17,210.47,3760.05,Received
PO000615,SP00178,SUP019,2025-11-11,2025-11-17,2025-11-15,96,96,4354.65,412843.12,Received
PO000616,SP00149,SUP005,2025-11-13,2025-12-02,2025-12-04,90,90,445.82,43840.22,Received
PO000617,SP00039,SUP008,2025-11-13,2025-11-20,2025-11-20,36,36,726.98,27781.47,Received
PO000618,SP00135,SUP014,2025-11-14,2025-11-20,2025-11-30,17,17,2550.92,45529.44,Received
PO000619,SP00023,SUP016,2025-11-18,2025-12-06,2025-12-04,69,69,331.5,23241.93,Received
PO000620,SP00034,SUP007,2025-11-21,2025-12-11,2025-12-09,33,33,138.45,4755.64,Received
PO000621,SP00186,SUP019,2025-11-23,2025-11-30,2025-11-29,72,72,228.02,16578.03,Received
PO000622,SP00053,SUP002,2025-12-02,2025-12-10,2025-12-18,86,86,2024.95,189915.97,Received
PO000623,SP00107,SUP020,2025-12-05,2025-12-12,2025-12-11,73,73,800.38,57064.72,Received
PO000624,SP00045,SUP001,2025-12-05,2025-12-23,2025-12-22,67,67,49.9,3301.35,Received
PO000625,SP00043,SUP018,2025-12-20,2025-12-31,,86,0,191.36,16552.67,Open
PO000626,SP00178,SUP019,2025-12-20,2025-12-26,2025-12-24,22,22,4216.94,101055.03,Received
PO000627,SP00056,SUP018,2025-12-23,2026-01-05,,64,0,646.65,43446.69,Open
PO000628,SP00183,SUP015,2025-12-26,2026-01-11,,62,0,445.99,27962.52,Open
PO000629,SP00197,SUP012,2025-12-26,2026-01-10,,33,0,891.19,29531.83,Open
PO000630,SP00065,SUP015,2025-12-28,2026-01-05,,91,0,455.93,40541.88,Open
PO000631,SP00028,SUP016,2025-12-28,2026-01-03,,38,0,249.04,9100.45,Open
PO000632,SP00190,SUP001,2025-12-28,2026-01-12,,99,0,321.9,31693.92,Open
PO000633,SP00031,SUP007,2025-12-31,2026-01-15,,43,0,373.86,15719.53,Open
PO000634,SP00026,SUP010,2025-12-31,2026-01-10,,96,0,217.15,20453.49,Open
